benchmark,cvc5_total_ms,cvc5_arith_checkTime_ms,cvc5_QE_time_ms,cvc5_quant_checkTime_ms,cvc5_dio_conflictTimer_ms,cvc5_arith_conflicts,cvc5_pivots,cvc5_updates,cvc5_initialTableauSize,cvc5_quant_inst,cvc5_dio_calls,cvc5_result,z3_total_time_s,z3_time_s,z3_quant_inst,z3_arith_conflicts,z3_arith_make_feasible,z3_arith_max_rows,z3_arith_dio_calls,z3_arith_dio_tighten_conflicts,z3_arith_gcd_calls,z3_arith_gomory_cuts,z3_arith_branch,z3_result
abstract_system__AbstractCrashAwareSystemRefinement_v.32,132098,43617,24213,16360,0,28334,9034,10833,0,6929,0,unsat,3.43,3.40,117736,389,27014,1189,0,0,0,0,0,unsat
alloc_generic__page_free_list_extend.1,300000,183911,51118,35436,152575,3355,4484,5886,219,8256,196,TO,3.27,3.24,92311,188,16307,986,2,0,34,24,18,unsat
alloc_generic__page_free_list_extend,300001,197125,47095,32519,171438,3999,4381,5727,219,8457,193,TO,2.14,2.11,70823,158,8952,742,1,0,49,33,26,unsat
allocation_layer__AllocationJournal_v.43,98003,39828,8618,5955,0,22670,17480,21686,12,6259,0,unsat,1.32,1.29,68160,203,12030,1579,0,0,0,0,0,unsat
allocator__page_allocator_spec_impl.10,128488,71027,9958,6785,37349,11141,8779,11082,0,6473,304,unsat,2.18,2.16,64859,261,32350,1247,1,1,1,2,0,unsat
allocator__page_allocator_spec_impl.11,182846,107112,12203,7720,60421,16583,9738,12279,0,7944,348,unsat,2.60,2.59,75418,301,41386,1453,1,0,1,2,1,unsat
allocator__page_allocator_spec_impl.12,102198,57376,9863,6712,31823,5827,5005,6484,0,6796,259,unsat,2.23,2.21,62704,238,33737,1157,0,0,0,0,0,unsat
allocator__page_allocator_spec_impl.13,111055,58474,12353,8472,29799,4561,4749,6174,0,7230,269,unsat,2.02,1.99,66402,211,33718,1153,0,0,0,0,0,unsat
allocator__page_allocator_spec_impl.14,197840,124020,13585,8985,71182,15998,10361,12550,0,9320,386,unsat,1.59,1.56,50159,227,24913,1050,0,0,0,0,0,unsat
allocator__page_allocator_spec_impl.15,299999,182714,21911,13855,98574,24808,11618,14669,0,10137,455,TO,4.13,4.13,133957,391,59540,1549,0,0,0,0,0,unsat
allocator__page_allocator_spec_impl.16,300000,189180,21288,14311,115691,11220,8902,11213,0,10603,474,TO,2.99,2.99,94713,265,35979,1198,1,0,1,2,1,unsat
allocator__page_allocator_spec_impl.17,104492,56420,9321,6358,32263,6262,6094,7750,0,6504,258,unsat,1.32,1.30,44310,229,22486,1064,0,0,0,0,0,unsat
allocator__page_allocator_spec_impl.18,300000,189854,19369,12020,124576,10291,10048,13755,0,10760,456,TO,2.66,2.63,91306,289,40814,1183,0,0,0,0,0,unsat
allocator__page_allocator_spec_impl.19,299999,196145,16782,11312,103006,41385,16278,19694,0,8264,477,TO,2.95,2.95,96959,340,39709,1314,1,0,1,2,1,unsat
allocator__page_allocator_spec_impl.20,77005,38873,8494,5417,19150,2085,3554,4588,0,6077,219,unsat,1.98,1.96,68305,254,37007,1141,1,0,1,2,1,unsat
allocator__page_allocator_spec_impl.22,264453,156694,20106,12438,90085,12154,11064,14759,0,9868,430,unsat,2.59,2.56,86485,283,37933,1037,1,0,1,2,1,unsat
allocator__page_allocator_spec_impl.23,299999,192280,19489,12287,106398,17636,13114,16369,0,8842,511,TO,4.32,4.31,147803,428,56081,1532,0,0,0,0,0,unsat
allocator__page_allocator_spec_impl.24,75654,37313,8660,5582,18035,2194,3397,4411,0,6040,217,unsat,1.77,1.75,53666,294,28371,1287,1,0,0,0,1,unsat
betree__FilteredBetreeRefinement_v.34,45446,18422,4699,3075,254,15987,6364,8655,3,3474,1,unsat,1.95,1.91,73676,277,25304,968,0,0,0,0,0,unsat
betree__LinkedBetree_v.112,300004,107823,26152,17827,0,67704,16381,24257,9,10705,0,TO,2.96,2.93,54543,621,44428,1303,0,0,0,0,0,unsat
betree__PivotBetreeRefinement_v.19,93918,47801,4398,3054,0,41600,11458,15344,6,3936,0,unsat,0.80,0.78,40267,226,13074,731,0,0,0,0,0,unsat
betree__PivotBetreeRefinement_v.28,193944,94279,10602,7190,508,58834,18997,24501,0,6743,1,unsat,8.27,8.22,278542,640,119412,1726,0,0,0,0,0,unsat
betree__PivotBetreeRefinement_v.29,122460,56176,6502,4473,0,50981,15588,19579,0,6631,0,unsat,16.51,16.49,394008,928,234954,2561,0,0,0,0,0,unsat
betree__PivotBranchRefinement_v.22,299999,147822,10558,6868,0,89791,31432,38514,15,12214,0,TO,0.58,0.56,24658,291,5107,745,0,0,0,0,0,unsat
betree__PivotTable_v.15,1850,651,255,172,0,2207,1151,1576,12,702,0,unsat,0.12,0.10,4662,115,1860,207,0,0,0,0,0,unsat
bin_sizes.45,129879,92038,1366,964,56539,13054,5666,7878,111,2329,68,unsat,0.34,0.31,3751,127,4039,607,1,0,3,2,1,unsat
bin_sizeslib!bin_sizes.div2._01.1,300001,272214,1222,691,1841,7028,22130,23368,24,93,762,TO,0.05,0.03,90,35,91,91,0,0,0,0,0,unsat
commit_mask.19,1327,461,263,176,204,219,507,771,48,565,9,unsat,0.05,0.03,876,13,216,208,0,0,0,0,0,unsat
commit_mask.25,300001,186795,3953,2622,80600,46709,36849,51837,141,4310,153,TO,1.81,1.80,10464,401,22351,650,5,0,271,200,124,unsat
commit_segment.1,7562,5424,491,329,3208,2563,2296,2914,171,448,147,unsat,0.94,0.89,2602,150,2352,399,4,1,50,38,27,unsat
commit_segment.5,300002,121337,70772,47061,92237,3279,4176,5091,123,16933,39,TO,1.47,1.43,61752,32,5809,529,2,0,13,12,8,unsat
commit_segment,7968,5715,518,342,3499,2749,2055,2630,171,447,128,unsat,0.74,0.70,2541,137,2441,428,6,3,45,34,19,unsat
commit_segment__segment_commitx.1,300001,50199,133267,89588,28740,1265,2883,3851,126,14383,30,TO,6.47,6.43,179928,163,26418,871,7,2,307,186,195,unsat
commit_segment__segment_commitx,300001,44894,138227,94859,22529,739,2783,3690,126,14602,28,TO,7.43,7.41,240120,178,42090,1272,6,3,103,83,54,unsat
delegation_map_v.41,300001,213919,6786,4741,0,151731,18527,21597,27,16189,0,TO,0.82,0.80,47962,129,2679,290,0,0,0,0,0,unsat
impl_u__l1.42,18688,8443,2169,1488,0,9037,4181,5598,36,2898,0,unsat,3.45,3.42,33732,2115,25881,965,24,10,255,36,45,unsat
impl_u__l1.52,12800,5185,1492,1073,0,4536,2379,3585,27,2668,0,unsat,0.51,0.48,12408,48,2063,564,0,0,0,0,0,unsat
impl_u__l1__impl&%1__lemma_interp_of_entry_contains_mapping_implies_interp_aux_contains_mapping.1,12844,5155,1397,970,0,2710,2188,3666,24,1835,0,unsat,0.20,0.18,3425,22,575,348,0,0,0,0,0,unsat
impl_u__l1__impl&%1__lemma_no_mapping_in_interp_of_entry_implies_no_mapping_in_interp.1,13743,9062,705,461,0,5584,4100,5096,21,2033,0,unsat,6.21,6.18,73647,824,49187,2050,0,0,0,0,0,unsat
impl_u__l1__impl&%1__lemma_resolve_refines.1,10202,3883,1322,1009,0,3139,2738,3983,33,1883,0,unsat,0.82,0.81,20583,109,4367,895,0,0,0,0,0,unsat
impl_u__l1__impl&%2__lemma_interp_of_entry_contains_mapping_implies_interp_aux_contains_mapping,10983,4684,1464,1029,0,3654,2677,4006,24,1794,0,unsat,0.21,0.19,3990,32,668,372,0,0,0,0,0,unsat
impl_u__l1__impl&%2__lemma_resolve_refines,13435,5774,1058,755,0,4461,3173,4588,33,1808,0,unsat,0.54,0.51,13164,86,3309,866,0,0,0,0,0,unsat
impl_u__l1main!impl_u.l1.impl&%1.lemma_inv_implies_interp_aux_inv._02.1,2256,882,656,429,0,266,405,570,24,436,0,unsat,0.07,0.04,837,27,244,131,0,0,0,0,0,unsat
impl_u__l1main!impl_u.l1.impl&%2.lemma_inv_implies_interp_aux_inv._02,2088,674,709,471,0,298,421,605,24,432,0,unsat,0.08,0.06,1024,40,306,165,0,0,0,0,0,unsat
impl_u__l2_impl.10,300002,155673,3458,2179,729,79789,31757,40581,114,1569,1,TO,0.81,0.79,23984,31,6121,1472,0,0,0,0,0,unsat
impl_u__l2_impl.9,300000,154182,1515,1022,0,37794,29490,33722,135,1967,0,TO,0.52,0.50,7801,64,8013,1210,0,0,0,0,0,unsat
impl_u__l2_impl__PT.14,7151,5363,626,429,3833,632,539,984,78,465,122,unsat,0.09,0.07,1604,23,999,536,1,0,5,4,3,unsat
impl_u__os_refinement.1,23042,10298,880,574,0,1803,1389,2035,75,1682,0,unsat,0.12,0.10,4471,17,1308,517,0,0,0,0,0,unsat
impl_u__os_refinement.10,300000,206505,5331,3605,83310,35085,19180,25231,183,4163,76,TO,8.99,8.96,221375,372,164073,5180,0,0,0,0,0,unsat
impl_u__os_refinement.4,36065,19304,1558,1088,8198,4643,3830,4920,93,2207,17,unsat,0.16,0.14,6577,21,1637,671,0,0,0,0,0,unsat
impl_u__os_refinement.5,300000,184439,2421,1613,15500,24758,9985,13272,90,3631,9,TO,0.51,0.49,15570,43,3676,940,0,0,0,0,0,unsat
impl_u__os_refinement.8,300001,84871,1985,1443,0,44187,56348,82769,141,2667,0,TO,5.77,5.74,140597,254,130323,4810,1,0,1,2,1,unsat
impl_u__os_refinement,22628,9797,797,572,0,1803,1389,2035,75,1682,0,unsat,0.14,0.12,5654,16,1618,589,0,0,0,0,0,unsat
ironkv-smt-delegation_map_v.23,582,196,107,62,0,830,337,511,18,312,0,unsat,0.08,0.06,837,47,460,123,0,0,0,0,0,unsat
ironkv-smt-marshal_v.38,142390,60753,4334,2863,308,49084,8873,13094,9,4088,1,unsat,0.73,0.71,23779,330,12192,794,0,0,0,0,0,unsat
linked_list.14,12078,6616,2418,1356,376,2931,2804,3321,42,741,28,unsat,0.45,0.42,5080,114,2581,240,3,0,40,16,24,unsat
linked_list.15,22685,10784,4745,3242,1034,3279,2174,2687,87,1812,19,unsat,0.50,0.47,11946,108,2695,394,1,1,3,0,0,unsat
logimpl_v.37,113862,92860,2523,1655,19374,49064,11091,13176,81,2384,98,unsat,4.15,4.12,32121,798,32359,1389,1,0,17,0,1,unsat
logimpl_v.43,41252,24824,3770,2519,6646,12571,6045,7801,33,2490,23,unsat,0.53,0.51,8785,191,6380,628,0,0,0,0,0,unsat
logimpl_v.49,88267,69662,3324,2208,12941,24415,9456,11506,141,2377,44,unsat,12.52,12.48,57477,3710,71838,1685,4,0,164,10,14,unsat
marshal_ironsht_specific_v.47,174630,92237,7288,5088,0,60693,6636,10854,21,5932,0,unsat,3.84,3.81,65539,584,27113,2694,1,0,0,0,0,unsat
marshal_ironsht_specific_v.49,300001,183153,10892,7386,4910,85428,14146,20907,102,6426,6,TO,28.03,27.98,497618,902,117412,6595,0,0,0,0,0,unsat
marshal_v.52,300001,241313,4813,3231,790,133080,11073,13982,33,4926,1,TO,0.94,0.92,18094,314,8744,1316,0,0,0,0,0,unsat
marshalling__KVPairFormat_v.6,8042,3249,1041,705,183,4166,1872,2479,3,1348,4,unsat,0.28,0.26,3663,138,1903,431,0,0,0,0,0,unsat
mimalloc-smt-alloc_generic__page_free_list_extend,300001,259024,13481,9189,189826,9764,8944,11716,48,4765,1110,TO,1.99,1.96,63285,177,9897,837,1,0,60,39,30,unsat
mimalloc-smt-bin_sizes.25,551,278,52,34,45,806,622,825,9,412,12,unsat,0.06,0.04,1732,14,288,178,0,0,0,0,0,unsat
mimalloc-smt-bin_sizes.45,10811,4650,379,266,1443,2980,2547,3909,18,1436,21,unsat,0.28,0.27,3465,78,1690,517,1,0,4,0,0,unsat
mimalloc-smt-bin_sizeslib_bin_sizes.div2._01,79145,74570,333,188,367,7781,15195,16117,0,96,870,unsat,0.03,0.02,82,27,91,89,1,0,4,0,1,unsat
mimalloc-smt-commit_segment.1,32514,24428,841,534,8821,11011,9374,11553,57,576,526,unsat,1.40,1.37,3717,200,2977,499,4,1,59,45,33,unsat
mimalloc-smt-commit_segment.5,299999,104836,81400,53330,53840,1611,3007,3917,12,19955,203,TO,1.85,1.82,73550,56,8057,812,1,0,3,4,2,unsat
mimalloc-smt-os_alloc.4,820,290,148,88,66,307,691,958,24,255,16,unsat,0.16,0.13,900,39,544,286,0,0,0,0,0,unsat
mimalloc-smt-os_commit.1,955,541,82,47,113,432,682,879,0,162,50,unsat,0.15,0.14,1139,66,771,175,8,6,88,80,40,unsat
mimalloc-smt-os_mem_util.12,8564,2788,1780,1283,762,1589,1720,2214,6,2034,45,unsat,0.20,0.17,3624,9,276,235,0,0,0,0,0,unsat
mimalloc-smt-os_mem_util.19,11131,4356,2236,1498,1150,2768,2201,2709,12,1956,57,unsat,0.19,0.16,2234,10,312,234,0,0,0,0,0,unsat
mimalloc-smt-os_mem_util.22,173065,76302,21989,15868,31810,11846,10787,14084,21,11173,66,unsat,0.38,0.35,11452,26,1006,551,0,0,0,0,0,unsat
mimalloc-smt-page_organization__PageOrg.24,14724,5646,1352,928,113,3255,3456,4409,3,1950,11,unsat,1.97,1.93,60186,320,25084,1045,0,0,0,0,0,unsat
mimalloc-smt-page_organization__PageOrg.69,299999,138723,4605,3260,232,70080,17489,22513,18,6527,5,TO,39.20,39.23,549130,1837,434510,6534,1,0,1,0,0,unsat
mimalloc__bin_sizeslib!bin_sizes.div2._01,300000,272041,1239,712,1876,7029,22275,23531,24,93,762,TO,0.05,0.03,90,35,91,91,0,0,0,0,0,unsat
nia__bin_sizeslib!bin_sizes.div2._01,300000,271937,1236,694,1585,7035,22391,23652,24,110,762,TO,0.05,0.03,118,30,96,86,1,0,0,0,0,unsat
os_mem_util.10,102603,67924,12022,8056,54832,3790,4031,4859,69,8142,97,unsat,0.42,0.38,18191,19,1530,420,0,0,0,0,0,unsat
os_mem_util.12,6899,2297,1875,1364,819,808,1294,1576,63,1913,12,unsat,0.21,0.17,4078,9,296,236,0,0,0,0,0,unsat
os_mem_util.16,8147,3561,1911,1380,1970,1114,1198,1485,54,1414,35,unsat,0.20,0.16,1666,9,207,196,0,0,0,0,0,unsat
os_mem_util.19,12630,5113,2781,1958,2122,2030,1872,2341,69,1930,28,unsat,0.21,0.17,2512,13,282,237,0,0,0,0,0,unsat
os_mem_util.20,7634,2631,1977,1382,918,982,1236,1513,63,1892,16,unsat,0.20,0.15,1567,10,204,225,0,0,0,0,0,unsat
os_mem_util.22,271941,176660,37450,26688,132493,13166,8552,10337,90,10180,80,unsat,0.42,0.38,9962,29,982,464,0,0,0,0,0,unsat
page_organization__PageOrg__impl&%2__rec_free_to_unused_queue.1,11887,6089,1178,804,264,6032,3275,3934,36,1529,4,unsat,0.94,0.91,33242,223,11924,838,0,0,0,0,0,unsat
queues__page_queue_push,300001,58215,109361,74801,27532,1329,3612,5026,90,15436,21,TO,14.86,14.83,464249,289,51099,1522,0,0,0,0,0,unsat
queues__page_queue_remove.1,300000,85009,87493,58898,46082,4090,7039,9312,81,14818,18,TO,47.83,47.76,1703532,752,215884,2972,0,0,0,0,0,unsat
queues__page_queue_remove,300001,69900,101749,68536,34938,869,2626,3876,81,13512,15,TO,45.52,45.48,1509669,593,171854,3156,0,0,0,0,0,unsat
root.1,116537,56235,14152,10459,46044,1601,3001,3883,30,15557,10,unsat,9.83,9.77,355181,40,13112,2149,0,0,0,0,0,unsat
root,126387,64433,14560,10649,53282,1601,3001,3883,30,15557,10,unsat,2.36,2.32,82277,30,4918,1042,0,0,0,0,0,unsat
segment.6,8254,2390,1867,1385,1515,264,954,1301,99,4223,17,unsat,0.53,0.47,14006,48,1424,475,0,0,0,0,0,unsat
segment__segment_page_clear,300002,51072,89505,62726,7,1381,2658,5466,234,19843,3,TO,5.61,5.58,181966,64,12169,1102,0,0,0,0,0,unsat
spec__cyclicbuffer__CyclicBuffer.28,8624,3653,1979,1292,1192,1165,2054,2600,21,1625,46,unsat,0.29,0.26,4802,112,2040,393,0,0,0,0,0,unsat
spec_t__hlspec,7069,5652,200,138,1182,4597,2468,2791,33,764,43,unsat,0.16,0.15,1574,20,253,136,0,0,0,0,0,unsat
splinterdb-smt-abstract_system__AbstractCrashAwareSystemRefinement_v.32,137610,45938,25426,17110,0,28334,9034,10833,0,6929,0,unsat,3.26,3.22,117736,389,27014,1189,0,0,0,0,0,unsat
splinterdb-smt-allocation_layer__AllocationJournal_v.43,99276,40947,8703,6019,0,22670,17480,21686,12,6259,0,unsat,1.29,1.27,68160,203,12030,1579,0,0,0,0,0,unsat
splinterdb-smt-betree__FilteredBetreeRefinement_v.34,45832,18352,4807,3138,250,15987,6364,8655,3,3474,1,unsat,2.01,1.98,73676,277,25304,968,0,0,0,0,0,unsat
splinterdb-smt-betree__LinkedBetree_v.112,299999,108288,26553,18285,0,68796,16797,24827,9,10970,0,TO,2.73,2.69,54543,621,44428,1303,0,0,0,0,0,unsat
splinterdb-smt-betree__PivotBetreeRefinement_v.19,93319,47294,4491,3081,0,41600,11458,15344,6,3936,0,unsat,0.77,0.73,40267,226,13074,731,0,0,0,0,0,unsat
splinterdb-smt-betree__PivotBetreeRefinement_v.28,195075,94105,10216,6951,477,58834,18997,24501,0,6743,1,unsat,7.63,7.59,278542,640,119412,1726,0,0,0,0,0,unsat
splinterdb-smt-betree__PivotBetreeRefinement_v.29,120944,55428,6280,4350,0,50981,15588,19579,0,6631,0,unsat,15.65,15.58,394008,928,234954,2561,0,0,0,0,0,unsat
splinterdb-smt-betree__PivotBranchRefinement_v.22,300000,145873,10719,6823,0,89266,31218,38266,15,12214,0,TO,0.59,0.57,24658,291,5107,745,0,0,0,0,0,unsat
splinterdb-smt-betree__PivotTable_v.15,1787,621,244,163,0,2207,1151,1576,12,702,0,unsat,0.12,0.10,4662,115,1860,207,0,0,0,0,0,unsat
splinterdb-smt-marshalling__KVPairFormat_v.6,7897,3186,1036,707,189,4166,1872,2479,3,1348,4,unsat,0.28,0.26,3663,138,1903,431,0,0,0,0,0,unsat
splinterdb-smt-marshalling__ResizableUniformSizedSeq_v.7,606,195,124,82,0,517,403,550,0,312,0,unsat,0.07,0.05,689,47,428,166,0,0,0,0,0,unsat
tspec__seqlib__seq_multiset.3,4036,1345,613,401,0,3492,1555,2322,0,1004,0,unsat,0.23,0.21,3163,112,1337,313,0,0,0,0,0,unsat
